# iter, NOISE_SCALE, HOST_TEMP_VEL, HOST_TEMP_DISP, NA_H_BETA_AMP, NA_H_BETA_VOFF, NA_OIII_5007_AMP, NA_OIII_5007_DISP, NA_OIII_5007_VOFF, OUT_OIII_5007_AMP, OUT_OIII_5007_DISP, OUT_OIII_5007_VOFF
 0, 1.5105834979865187, 75.79434937006802, 112.72397169510944, 68.59666959625828, -61.6401616231427, 85.7229504142167, 5.665792356151614, -50.608014909869325, 202.38357368927734, 37.75489756953227, 16.190304124494123