# iter, NOISE_SCALE, STEL_VEL, STEL_DISP, APOLY_COEFF_1, APOLY_COEFF_2, APOLY_COEFF_3, NA_H_BETA_AMP, NA_H_BETA_VOFF, NA_OIII_5007_AMP, NA_OIII_5007_DISP, NA_OIII_5007_VOFF, OUT_OIII_5007_AMP, OUT_OIII_5007_DISP, OUT_OIII_5007_VOFF
 0, 2.0983555668149525, -76.38327282756693, 499.9999999938868, -0.4015937685617291, 0.4382869213902316, -0.3018283516153428, 9.733315014219745, 199.1929233641904, 2.097124049957134, 295.19254224274977, -6.5948847851617565, 1.3867879799664355, 827.8392033959777, 56.41963561070811
100, 2.1003859912408873, -76.38361544028153, 499.9959756593019, -0.4015587439975899, 0.4388568286948642, -0.3005276433384464, 9.732685069757991, 199.19531426682337, 2.097041005855215, 295.1925762721862, -6.595019812889905, 1.386582990859807, 827.8399457040664, 56.41953233953142
200, 2.112505088514456, -76.27517650623857, 499.9354051554493, -0.42158126295518406, 0.4320448777703765, -0.28287900376535574, 9.800394535179, 199.34810322242578, 2.151038101760546, 295.2396993542581, -6.565970987058941, 1.4064974268322727, 827.7926005958623, 56.52540553677075
300, 2.115854025469226, -75.17041221032227, 499.75838730370685, -0.4587011935374473, 0.45392058585428474, -0.29318089646196865, 9.717685446550483, 199.69769071904005, 2.156205386433648, 294.8276021407894, -6.996432520094112, 1.4391191137491774, 827.4634379949996, 56.4216749211697