# iter, NOISE_SCALE, HOST_TEMP_VEL, HOST_TEMP_DISP, NA_H_BETA_AMP, NA_H_BETA_VOFF, NA_OIII_5007_AMP, NA_OIII_5007_DISP, NA_OIII_5007_VOFF, OUT_OIII_5007_AMP, OUT_OIII_5007_DISP, OUT_OIII_5007_VOFF
 0, 1.611906946099551, 76.92415736526918, 113.09265764138325, 61.28232836461037, -61.308704482756724, 76.61493769565116, 0.00976909428039003, -48.65906037566572, 207.1555540949723, 40.043208662406364, 13.237652369368842