# iter, NOISE_SCALE, HOST_TEMP_VEL, HOST_TEMP_DISP, NA_H_BETA_AMP, NA_H_BETA_VOFF, NA_OIII_5007_AMP, NA_OIII_5007_DISP, NA_OIII_5007_VOFF, OUT_OIII_5007_AMP, OUT_OIII_5007_DISP, OUT_OIII_5007_VOFF
 0, 1.6034149196964833, 76.79771533782414, 113.41253054932854, 60.35276401744067, -61.53141058111898, 75.45160779173867, 0.0010541107797120627, -48.66535968398302, 207.89973594022737, 40.195461330086786, 12.944492639701807