# iter, STEL_VEL, STEL_DISP, POWER_AMP, POWER_SLOPE, NA_OPT_FEII_AMP, BR_OPT_FEII_AMP, NA_OPT_FEII_DISP, BR_OPT_FEII_DISP, NA_OPT_FEII_VOFF, BR_OPT_FEII_VOFF, NA_H_BETA_AMP, NA_H_BETA_DISP, NA_H_BETA_VOFF, NA_OIII_5007_AMP, NA_OIII_5007_DISP, NA_OIII_5007_VOFF, OUT_OIII_5007_AMP, OUT_OIII_5007_DISP, OUT_OIII_5007_VOFF, BR_H_BETA_AMP, BR_H_BETA_DISP, BR_H_BETA_VOFF, BR_H_BETA_SHAPE
 0, 330.98500428486966, 0.021563349461507297, 14.292394593079413, -0.07581595866574833, 19.528248164683276, 147.7485048927031, 250.0, 1211.215184980252, 24.9639892335019, 688.6750445517011, 12.019751487796572, 226.95189958802268, 118.4096776547091, 37.982403729349386, 98.89765695822493, 83.01070742429613, 26.002193414583758, 491.81196480201163, -66.52845423739366, 53.84297534209646, 987.5760140911941, 58.91024566099094, 0.11413839859361283
5, 330.9848762265643, 0.021755597606631157, 14.292350481429708, -0.0761701237827654, 19.52800656239438, 147.74785932910314, 249.99926500003107, 1211.2149742296124, 24.96393477340082, 688.6749318071915, 12.019523282636987, 226.95181773845886, 118.4096281162058, 37.98257673712771, 98.89750331234065, 83.01079329904434, 26.00229308921072, 491.8122041837213, -66.52803444247202, 53.84259929688907, 987.5755350718396, 58.90990534255048, 0.11357010058018832
10, 330.9849902161354, 0.0218466879983404, 14.292424527307652, -0.07634164780548301, 19.528076627993407, 147.7478966108743, 249.9993372601238, 1211.215001255834, 24.9638456378485, 688.6748570850776, 12.01958426460134, 226.95199880785373, 118.40955368049299, 37.98261742806971, 98.89715008806829, 83.0105966944506, 26.002353345257706, 491.81204537183464, -66.52823390335008, 53.842636252555685, 987.5756929464485, 58.90981266033807, 0.11304121207186388