# iter, NOISE_SCALE, STEL_VEL, STEL_DISP, APOLY_COEFF_1, APOLY_COEFF_2, APOLY_COEFF_3, POWER_AMP, POWER_SLOPE, NA_OPT_FEII_AMP, BR_OPT_FEII_AMP, NA_OPT_FEII_DISP, BR_OPT_FEII_DISP, NA_OPT_FEII_VOFF, BR_OPT_FEII_VOFF, NA_H_BETA_AMP, NA_H_BETA_VOFF, NA_OIII_5007_AMP, NA_OIII_5007_DISP, NA_OIII_5007_VOFF, BR_H_BETA_AMP, BR_H_BETA_DISP, BR_H_BETA_VOFF, BR_H_BETA_SHAPE, OUT_OIII_5007_AMP, OUT_OIII_5007_DISP, OUT_OIII_5007_VOFF
 0, 1.238806125937066, -60.16564444001728, 92.75155783809956, -1.4804244951191912, 0.21476161055058207, -0.10617176449648304, 4.203382332520899, 1.052256901473798, 11.477383460206324, 22.525577710776787, 250.0, 508.2266752864366, 528.3851063030476, 266.5831252987434, 2.0644630579541398e-07, 26.225792006180075, 1.7899085219648359, 127.20629366343522, 86.96130917595832, 15.610497473238453, 444.0989717831972, 154.09783378306278, 0.06979985232773027, 2.782184900054817, 444.0989717831972, -84.71995450260692
100, 1.2389540894782964, -60.16554550302063, 92.75127499114939, -1.4804817135346546, 0.21493627686590588, -0.10622226255668836, 4.203297580858923, 1.0527393744663438, 11.477669382564201, 22.524329231898886, 249.99879796015477, 508.22671750581515, 528.385139465937, 266.5833894309407, 0.0011336180731688129, 26.225778579470735, 1.7903181186600716, 127.20619101741586, 86.96154901164174, 15.610597761731544, 444.0999524889551, 154.09761441664543, 0.06929550665105567, 2.781977758995087, 444.09756407898317, -84.71970071804508
200, 1.2517799448453157, -60.166092571181956, 92.74963462589893, -1.4767238010282988, 0.21183275009637012, -0.1074252526540249, 4.203086198031048, 1.0550835226323036, 11.479940349243847, 22.505361317015954, 249.98522629824888, 508.2287195639865, 528.3882894340069, 266.5854669086687, 0.012106584854321747, 26.22473799918948, 1.7933094274844554, 127.20831936403546, 86.96272237681407, 15.608171677675422, 444.1020177071869, 154.08127349642, 0.07527259602469913, 2.783501354123314, 444.0639180037714, -84.71854158222882
300, 1.2736841412248923, -60.20433997423955, 92.74536439036932, -1.4367002971698741, 0.19002173549554824, -0.09756830065343028, 4.114511404977344, 1.1510197939557576, 11.490197206054725, 22.428729549703945, 249.92389736942, 508.2459923826922, 528.4361671672076, 266.6333259536165, 0.05181894872674225, 26.217045852131555, 1.7933915884486062, 127.19431762702001, 86.95944484835147, 15.610221219561387, 444.13712784901236, 154.05004657940574, 0.07716859479347395, 2.795574474579381, 444.0338725886103, -84.73977081740847