# iter, NOISE_SCALE, HOST_TEMP_VEL, HOST_TEMP_DISP, NA_H_BETA_AMP, NA_H_BETA_VOFF, NA_OIII_5007_AMP, NA_OIII_5007_DISP, NA_OIII_5007_VOFF, OUT_OIII_5007_AMP, OUT_OIII_5007_DISP, OUT_OIII_5007_VOFF
 0, 1.6299870869845074, 76.99104342004817, 113.7536615004496, 61.59320242566522, -61.507384356971826, 77.03823153408091, 0.0010012182284721703, -48.86591936903736, 207.26442388284363, 39.80184378109955, 13.394554336958251