# iter, NOISE_SCALE, HOST_TEMP_VEL, HOST_TEMP_DISP, NA_H_BETA_AMP, NA_H_BETA_VOFF, NA_OIII_5007_AMP, NA_OIII_5007_DISP, NA_OIII_5007_VOFF, OUT_OIII_5007_AMP, OUT_OIII_5007_DISP, OUT_OIII_5007_VOFF
 0, 1.5399224316087106, 76.10973554560175, 113.38459621587317, 68.68231664962094, -61.489908130873744, 86.08963397999364, 4.953935352386067, -49.61651676344286, 202.20754542688155, 37.95062752329643, 16.00512763588482
100, 1.5890112967966805, 76.11013341913757, 113.38470593497846, 68.68298555273633, -61.489438383567794, 86.09052981264236, 4.955534205501645, -49.618631861557716, 202.2051804717716, 37.948804248968194, 16.00683211229803