# iter, NOISE_SCALE, STEL_VEL, STEL_DISP, APOLY_COEFF_1, APOLY_COEFF_2, APOLY_COEFF_3, NA_H_BETA_AMP, NA_H_BETA_VOFF, NA_OIII_5007_AMP, NA_OIII_5007_DISP, NA_OIII_5007_VOFF, OUT_OIII_5007_AMP, OUT_OIII_5007_DISP, OUT_OIII_5007_VOFF
 0, 1.312603044566016, 153.86610188490693, 56.51277670912863, 5.15731404417865, 1.1646701989529396, -0.04304548923347282, 102.2864848021712, -48.696465590908645, 125.0093249018552, 12.934874971601234, -42.76481357867706, 172.1196770414965, 33.97275944721788, 26.03053741474147
100, 1.3137901784696526, 153.87211500930295, 56.513354635456245, 5.157815736519272, 1.1665029864109773, -0.042708330658823145, 102.28538080018009, -48.69252883519515, 125.01022092118083, 12.930194145462004, -42.76171097733779, 172.12000020923261, 33.973631494257106, 26.03052825624199
200, 1.316524430506694, 154.036484465625, 55.69597695674692, 5.172840002920164, 1.1779539483371275, 0.00037718865910411903, 101.50160422722843, -48.50012623466858, 124.27666209813573, 11.970519267162395, -42.39763645953806, 171.60834144549648, 34.54396119564671, 25.79127072277381
300, 1.3161171715244053, 154.11892955239006, 55.19257033455279, 5.194608837632909, 1.1451776668046314, 0.008898562490902288, 99.32119408318681, -48.159849350336486, 121.37264072391076, 11.60454532120819, -41.93449083368794, 172.14844145348613, 35.90893525088924, 24.317135412456537