# iter, NOISE_SCALE, HOST_TEMP_VEL, HOST_TEMP_DISP, NA_H_BETA_AMP, NA_H_BETA_VOFF, NA_OIII_5007_AMP, NA_OIII_5007_DISP, NA_OIII_5007_VOFF, OUT_OIII_5007_AMP, OUT_OIII_5007_DISP, OUT_OIII_5007_VOFF
 0, 1.601279574074014, 76.79784829646375, 113.40755673470781, 60.96436777010952, -61.074880857911374, 76.23354870301073, 0.0012265568734698348, -48.54349578390923, 207.274564700739, 40.18683774875559, 13.08811503759708
100, 1.6023089919701028, 76.7974102243368, 113.40660496698466, 60.96249198344718, -61.075434847374396, 76.2330187066359, 0.02098612630765325, -48.54334342673093, 207.27377794762398, 40.18685870890579, 13.090265806503501