# iter, NOISE_SCALE, HOST_TEMP_VEL, HOST_TEMP_DISP, NA_H_BETA_AMP, NA_H_BETA_VOFF, NA_OIII_5007_AMP, NA_OIII_5007_DISP, NA_OIII_5007_VOFF, OUT_OIII_5007_AMP, OUT_OIII_5007_DISP, OUT_OIII_5007_VOFF
 0, 1.6031595977877395, 77.28799203266891, 111.84574895228093, 63.42928171414602, -60.5417004497589, 79.262631154716, 0.0010672767228599037, -48.184434849590176, 205.2159884887666, 39.875292732453175, 13.808226415029074