# iter, STEL_VEL, STEL_DISP, POWER_AMP, POWER_SLOPE, NA_OPT_FEII_AMP, BR_OPT_FEII_AMP, NA_OPT_FEII_DISP, BR_OPT_FEII_DISP, NA_OPT_FEII_VOFF, BR_OPT_FEII_VOFF, NA_H_BETA_AMP, NA_H_BETA_DISP, NA_H_BETA_VOFF, NA_OIII_5007_AMP, NA_OIII_5007_DISP, NA_OIII_5007_VOFF, OUT_OIII_4960_AMP, OUT_OIII_4960_DISP, OUT_OIII_4960_VOFF
 0, 67.80033960781215, 0.10933727753454323, 14.924633643652282, 0.7859715241770872, 3.945875932041732, 51.20987805141333, 0.8735660363464366, 5000.0, -73.87933001303502, 2000.0, 203.6248081809499, 44.72032267790993, -5.010596897781754, 262.95611968266684, 43.718586765804595, -2.5133299358193697, 0.0001360309124577009, 6.705276484708113e-05, 0.0006938241745969816
5, 67.8002117833557, 0.1094285923383062, 14.92459223094479, 0.7857169053259911, 3.9454603672094932, 51.21005735368185, 0.8738285085727353, 4999.9994122011785, -73.8793199516586, 1999.999075630054, 203.6246732077554, 44.720120552571515, -5.010718613655733, 262.9564713443678, 43.719251609899906, -2.5135222269029427, 0.0008889837351913172, 0.0013838151894870162, 0.001041604119289127
10, 67.80024186973743, 0.10953730018173381, 14.924574447853713, 0.7858146396954875, 3.945070922911873, 51.21005735368185, 0.873903720239539, 4999.999423289203, -73.87929599455825, 1999.9991520012948, 203.62483075452923, 44.72013790297077, -5.010818427120627, 262.9563701701568, 43.719251609899906, -2.5137724706335915, 0.0008982920281589676, 0.0014329338871697508, 0.0010442266764100362