# iter, NOISE_SCALE, HOST_TEMP_VEL, HOST_TEMP_DISP, NA_H_BETA_AMP, NA_H_BETA_VOFF, NA_OIII_5007_AMP, NA_OIII_5007_DISP, NA_OIII_5007_VOFF, OUT_OIII_5007_AMP, OUT_OIII_5007_DISP, OUT_OIII_5007_VOFF
 0, 1.6171684233726338, 76.90072686781053, 113.20738374083066, 61.23070556579915, -61.32052299691429, 76.5518213204817, 0.0010000000000000002, -48.65464766782659, 207.1915175363731, 40.054095813971195, 13.221605572116953