# iter, NOISE_SCALE, HOST_TEMP_VEL, HOST_TEMP_DISP, NA_H_BETA_AMP, NA_H_BETA_VOFF, NA_OIII_5007_AMP, NA_OIII_5007_DISP, NA_OIII_5007_VOFF, OUT_OIII_5007_AMP, OUT_OIII_5007_DISP, OUT_OIII_5007_VOFF
 0, 1.604557354318693, 76.87421769265414, 113.38107520657553, 61.17018161859263, -61.33694167234077, 76.47792809341192, 0.001, -48.654491008696674, 207.2347107112094, 40.06521052554512, 13.204340957478403