# iter, NOISE_SCALE, STEL_VEL, STEL_DISP, APOLY_COEFF_1, APOLY_COEFF_2, APOLY_COEFF_3, NA_H_BETA_AMP, NA_H_BETA_VOFF, NA_OIII_5007_AMP, NA_OIII_5007_DISP, NA_OIII_5007_VOFF, OUT_OIII_5007_AMP, OUT_OIII_5007_DISP, OUT_OIII_5007_VOFF
 0, 2.0837702895705137, -362.5888765778653, 499.426961834286, -0.4085715925819533, 0.4234738690262405, -0.2532545761472453, 9.487810966158131, 199.226485922872, 2.094355228910904, 292.72404880854435, -3.5436164087279005, 1.4118966812031415, 853.884975256237, 7.077680886602668
100, 2.092259983684972, -362.5912856731727, 499.4211395908417, -0.4159723996155283, 0.4280363154986852, -0.2553693289344835, 9.48947026711754, 199.22473716129304, 2.095397802534887, 292.7219223675669, -3.5539355327964475, 1.4143883946077178, 853.8848019062691, 7.073364319269259
200, 2.107166323265316, -362.973823748353, 498.5214061481096, -0.5390555716535994, 0.46096941153477644, -0.29996233678096107, 9.451139620982207, 198.87757244978107, 2.114566222294311, 292.04516250253886, -4.2902993733487165, 1.4599505972573348, 853.9380749193881, 6.961908210490773
300, 2.116400996138214, -365.7235361389079, 493.3658412176029, -0.5112576315307212, 0.45713645993621604, -0.28495190949265536, 9.416297295267206, 197.572661144336, 2.0818077821984757, 291.2413552363895, -9.78812433292351, 1.4664196965865695, 852.831142470534, 6.581940583644451