# iter, NOISE_SCALE, HOST_TEMP_VEL, HOST_TEMP_DISP, NA_H_BETA_AMP, NA_H_BETA_VOFF, NA_OIII_5007_AMP, NA_OIII_5007_DISP, NA_OIII_5007_VOFF, OUT_OIII_5007_AMP, OUT_OIII_5007_DISP, OUT_OIII_5007_VOFF
 0, 1.6170094459475621, 76.87167440695012, 113.40756142416177, 60.57731263537854, -61.447969535021706, 75.73391513334553, 0.022282033977958794, -48.63936579979244, 207.69812993952235, 40.17282210791145, 13.011041631932885